{
  "dataset": "data\\Dataset_deduplicated.csv",
  "dataset_rows": 8115,
  "train_rows": 6492,
  "test_rows": 1623,
  "input_features": [
    "Fruit",
    "Temp",
    "Humid (%)",
    "Light (Fux)",
    "CO2 (pmm)"
  ],
  "target_labels": {
    "0": "bad",
    "1": "good"
  },
  "cv_folds": 5,
  "leaderboard": [
    {
      "name": "LogisticRegression",
      "accuracy_mean": 0.9051129765577646,
      "accuracy_std": 0.013626559172561774,
      "precision_mean": 0.9491238566511047,
      "recall_mean": 0.8785225718194255,
      "f1_mean": 0.9124093740195203
    },
    {
      "name": "NaiveBayes",
      "accuracy_mean": 0.8071445262504879,
      "accuracy_std": 0.007958464712241658,
      "precision_mean": 0.767769092199386,
      "recall_mean": 0.9428180574555401,
      "f1_mean": 0.8462828689812637
    }
  ],
  "selected_model": "LogisticRegression",
  "selected_accuracy_mean": 0.9051129765577646,
  "selected_test_metrics": {
    "accuracy": 0.9211337030191005,
    "precision": 0.9517241379310345,
    "recall": 0.9059080962800875,
    "f1": 0.9282511210762332,
    "confusion_matrix": {
      "tn": 667,
      "fp": 42,
      "fn": 86,
      "tp": 828
    }
  },
  "selected_test_classification_report": "              precision    recall  f1-score   support\n\n         bad       0.89      0.94      0.91       709\n        good       0.95      0.91      0.93       914\n\n    accuracy                           0.92      1623\n   macro avg       0.92      0.92      0.92      1623\nweighted avg       0.92      0.92      0.92      1623\n"
}